model_name,seed,family,total_parameters,mae,rmse,r2,wape,mape,mae_peak,wape_peak,bias,negative_pct,training_time_seconds,peak_gpu_memory_mb
00_tfm_custom_pytorch,42,Custom Proposed,180336.0,5.574974060058594,7.903388308373168,0.6740163564682007,65.47163391113281,664.2631225585938,12.70173168182373,26.20442771911621,2.426085948944092,1.2334489281210592,39.52,182.28
00_tfm_custom_pytorch,123,Custom Proposed,180336.0,5.74655818939209,8.017073532005186,0.6645707488059998,67.4866943359375,670.83837890625,11.340771675109863,23.39668846130371,2.990414619445801,0.8787831021437579,49.67,182.28
00_tfm_custom_pytorch,456,Custom Proposed,180336.0,5.668792724609375,7.9806176469069765,0.6676143407821655,66.57342529296875,692.5717163085938,12.249645233154297,25.27174949645996,2.6828408241271973,1.509300126103405,43.35,182.28
00_tfm_custom_pytorch,789,Custom Proposed,180336.0,5.3675312995910645,7.666360213194853,0.693276047706604,63.035465240478516,610.43603515625,13.164057731628418,27.15823745727539,1.9288603067398071,1.8413067465321564,43.57,182.28
00_tfm_custom_pytorch,1024,Custom Proposed,180336.0,5.604180812835693,7.875443219019238,0.6763174533843994,65.81462860107422,645.9681396484375,12.037934303283691,24.834976196289062,2.568967819213867,0.2627154266498529,43.19,182.28
00_tfm_custom_pytorch,2024,Custom Proposed,180336.0,5.48346471786499,7.796244073999797,0.682794988155365,64.39697265625,625.3320922851562,12.73814582824707,26.279556274414062,2.2814443111419678,1.9601854770912148,37.1,182.28
00_tfm_custom_pytorch,2025,Custom Proposed,180336.0,5.587418556213379,7.9454702175994445,0.670535683631897,65.61778259277344,663.5823974609375,13.407899856567383,27.661296844482422,2.187342643737793,1.341162253047499,31.39,182.28
00_tfm_custom_pytorch,2026,Custom Proposed,180336.0,5.776675701141357,8.054389126687484,0.6614409685134888,67.84038543701172,686.1699829101562,12.390978813171387,25.563329696655273,2.844350814819336,0.7865043085329971,36.4,182.28
00_tfm_custom_pytorch,3407,Custom Proposed,180336.0,5.371676921844482,7.704242369914433,0.6902373433113098,63.08414840698242,608.03515625,13.427421569824219,27.70157241821289,1.8756134510040283,1.1457676544766708,26.63,182.28
00_tfm_custom_pytorch,9999,Custom Proposed,180336.0,5.629763603210449,7.888726034259493,0.6752247214317322,66.11508178710938,660.2099609375,12.326269149780273,25.429826736450195,2.5805211067199707,0.8075215426649853,30.94,182.28
01_tfm_enc_pytorch,42,Transformer,29136.0,5.710108280181885,8.041540536896084,0.6625202894210815,67.05863189697266,677.0819702148438,14.839927673339844,30.61565399169922,1.9766452312469482,1.332952395964691,41.81,78.8
01_tfm_enc_pytorch,123,Transformer,29136.0,5.5829176902771,7.917925389928144,0.6728160381317139,65.56493377685547,645.0667724609375,12.779440879821777,26.364749908447266,2.202638864517212,2.3654240226986127,23.6,79.04
01_tfm_enc_pytorch,456,Transformer,29136.0,5.592007160186768,8.091058821261967,0.6583511829376221,65.67166900634766,636.2332153320312,16.320598602294922,33.67036819458008,1.2442957162857056,3.202172656578394,25.56,79.04
01_tfm_enc_pytorch,789,Transformer,29136.0,5.587653160095215,7.944466965057298,0.6706188321113586,65.62054443359375,661.33740234375,13.926013946533203,28.730195999145508,1.8928377628326416,2.1128888188314416,23.46,79.04
01_tfm_enc_pytorch,1024,Transformer,29136.0,5.748353481292725,8.127538196540849,0.6552635431289673,67.50778198242188,679.1837158203125,12.90888786315918,26.631805419921875,2.527168035507202,1.212431693989071,25.24,79.04
01_tfm_enc_pytorch,2024,Transformer,29136.0,5.812587261199951,8.297604171407043,0.6406855583190918,68.26213073730469,701.52685546875,13.21536636352539,27.264087677001953,2.4256880283355713,2.6869220260613704,20.76,79.04
01_tfm_enc_pytorch,2025,Transformer,29136.0,5.5844645500183105,8.094144008870124,0.6580905914306641,65.58309173583984,624.0887451171875,14.849954605102539,30.636341094970703,1.609583854675293,2.2537699663724253,20.84,79.04
01_tfm_enc_pytorch,2026,Transformer,29136.0,5.610292911529541,7.932437273385236,0.6716156005859375,65.88641357421875,661.1411743164062,13.915214538574219,28.707918167114258,2.0691609382629395,1.7933611811685581,23.89,79.04
01_tfm_enc_pytorch,3407,Transformer,29136.0,5.578901767730713,7.982456760689613,0.6674611568450928,65.51776885986328,624.1336059570312,14.16466999053955,29.22256088256836,1.7703741788864136,2.1020518074821353,23.93,79.04
01_tfm_enc_pytorch,9999,Transformer,29136.0,5.505300521850586,8.011096887433315,0.665070652961731,64.65339660644531,614.1294555664062,14.013516426086426,28.910720825195312,1.747082233428955,4.760731925178646,21.54,79.04
02_tfm_dec_pytorch,42,Transformer,654960.0,5.709666728973389,8.205121129900988,0.6486506462097168,67.05345153808594,665.8810424804688,13.586945533752441,28.030677795410156,2.316718578338623,2.3713351197982346,54.35,692.72
02_tfm_dec_pytorch,123,Transformer,654960.0,5.592854976654053,7.947890562028791,0.6703349351882935,65.68163299560547,670.73388671875,11.201927185058594,23.11024284362793,2.8631644248962402,1.419976881042455,87.33,697.72
02_tfm_dec_pytorch,456,Transformer,654960.0,5.656345844268799,8.101820997714274,0.6574417352676392,66.42726135253906,635.4575805664062,13.105052947998047,27.03650665283203,2.265953540802002,3.027466897856242,52.49,697.72
02_tfm_dec_pytorch,789,Transformer,654960.0,5.531484603881836,8.03558351440592,0.6630200147628784,64.96090698242188,625.1867065429688,14.17735481262207,29.248729705810547,1.788140892982483,2.9394572299285415,35.24,697.72
02_tfm_dec_pytorch,1024,Transformer,654960.0,5.799068450927734,8.216614652498695,0.6476656198501587,68.1033706665039,712.786376953125,11.060916900634766,22.819332122802734,3.0749642848968506,1.8156919924337958,48.09,697.72
02_tfm_dec_pytorch,2024,Transformer,654960.0,5.4947638511657715,7.976586411876499,0.6679500937461853,64.52965545654297,640.257568359375,12.444740295410156,25.67424201965332,2.25154709815979,1.943765762925599,43.83,697.72
02_tfm_dec_pytorch,2025,Transformer,654960.0,5.336641788482666,7.939243395523239,0.6710518598556519,62.67270278930664,563.0034790039062,13.824868202209473,28.521526336669922,1.4636064767837524,5.550520176544767,40.76,697.72
02_tfm_dec_pytorch,2026,Transformer,654960.0,5.4311065673828125,7.900635667167073,0.6742433309555054,63.78207778930664,615.6015625,12.98373031616211,26.786211013793945,2.039677381515503,1.3221153846153846,61.99,697.72
02_tfm_dec_pytorch,3407,Transformer,654960.0,5.694178104400635,8.071169428276265,0.6600288152694702,66.87155151367188,671.0687866210938,12.238595008850098,25.248950958251953,2.6867189407348633,1.5487074401008827,72.16,697.72
02_tfm_dec_pytorch,9999,Transformer,654960.0,5.691224575042725,8.158976249053381,0.6525914072990417,66.83686828613281,674.6728515625,14.811309814453125,30.556615829467773,1.8300237655639648,1.9155238545607398,43.17,697.72
03_tfm_encdec_pytorch,42,Transformer,178497.0,5.072317123413086,8.047637251518687,0.6620082855224609,59.568511962890625,470.07330322265625,14.723722457885742,30.37591552734375,0.28821083903312683,7.386901008827238,141.35,186.09
03_tfm_encdec_pytorch,123,Transformer,178497.0,5.007521152496338,7.721420258640691,0.688854455947876,58.80755615234375,480.7994384765625,13.841426849365234,28.555688858032227,0.6847954392433167,1.5211223203026483,158.05,187.47
03_tfm_encdec_pytorch,456,Transformer,178497.0,4.859391212463379,7.643968096512311,0.6950652599334717,57.06794357299805,438.01904296875,12.96944808959961,26.756746292114258,0.42479613423347473,8.098531420765028,141.7,187.47
03_tfm_encdec_pytorch,789,Transformer,178497.0,5.087889671325684,8.055898403311245,0.6613140106201172,59.75139617919922,474.3058166503906,12.668523788452148,26.135921478271484,0.9778668284416199,8.968447877259353,120.95,187.47
03_tfm_encdec_pytorch,1024,Transformer,178497.0,5.33124303817749,8.034378570472757,0.6631211042404175,62.60929870605469,557.2030029296875,12.763383865356445,26.331621170043945,1.641884684562683,1.0685949978982767,118.83,187.47
03_tfm_encdec_pytorch,2024,Transformer,178497.0,4.957646369934082,7.649061666548525,0.6946587562561035,58.22183609008789,460.1391296386719,12.048892974853516,24.857585906982422,1.192065715789795,2.1352196300966795,132.24,187.47
03_tfm_encdec_pytorch,2025,Transformer,178497.0,4.899908542633057,7.9562015840626,0.6696450710296631,57.54377365112305,401.6553039550781,12.322408676147461,25.421863555908203,0.23717696964740753,15.556365594787728,113.43,187.47
03_tfm_encdec_pytorch,2026,Transformer,178497.0,5.006650924682617,7.890388107520738,0.6750878691673279,58.79733657836914,461.7283935546875,15.051735877990723,31.052627563476562,0.07043620944023132,9.693870849096259,131.3,187.47
03_tfm_encdec_pytorch,3407,Transformer,178497.0,5.123231410980225,7.739936447474069,0.687360405921936,60.16644287109375,511.0357666015625,13.283040046691895,27.403703689575195,1.1537367105484009,1.3569251786464902,131.33,187.47
03_tfm_encdec_pytorch,9999,Transformer,178497.0,5.18239688873291,8.011247834008767,0.6650580167770386,60.861270904541016,522.4828491210938,13.722888946533203,28.311140060424805,0.9134724140167236,6.088101618327029,110.46,187.47
04_tfm_ifm_pytorch,42,Transformer,654337.0,4.931203365325928,7.7005244386105725,0.6905362606048584,57.911293029785156,375.7822265625,13.59034538269043,28.037694931030273,-0.7212979793548584,24.089034258091637,79.88,4300.22
04_tfm_ifm_pytorch,123,Transformer,654337.0,5.1559529304504395,7.822964183461577,0.6806169152259827,60.55071258544922,486.7737731933594,12.776296615600586,26.358261108398438,1.2865991592407227,7.309399957965532,59.61,342.86
04_tfm_ifm_pytorch,456,Transformer,654337.0,5.303154945373535,7.990699845889571,0.6667740345001221,62.27943801879883,540.4256591796875,11.50432014465332,23.734098434448242,1.9305388927459717,5.787620849096259,60.19,342.86
04_tfm_ifm_pytorch,789,Transformer,654337.0,5.145389556884766,7.999644033141876,0.6660276651382446,60.426666259765625,437.6741943359375,13.52731990814209,27.907669067382812,-0.1719459444284439,18.675782891971416,53.38,342.86
04_tfm_ifm_pytorch,1024,Transformer,654337.0,5.120587348937988,7.847034511365335,0.6786484718322754,60.1353874206543,520.5880126953125,12.752131462097168,26.308408737182617,1.227693796157837,10.87214953762085,67.86,342.86
04_tfm_ifm_pytorch,2024,Transformer,654337.0,5.232373237609863,7.961603528015238,0.669196367263794,61.448184967041016,509.76446533203125,12.601457595825195,25.99755859375,1.1097768545150757,11.346350882723835,60.12,342.86
04_tfm_ifm_pytorch,2025,Transformer,654337.0,5.293067932128906,8.043652646676795,0.6623429656028748,62.16097640991211,455.02447509765625,12.956339836120605,26.72970199584961,-0.10200188308954239,24.00299495586381,50.8,342.86
04_tfm_ifm_pytorch,2026,Transformer,654337.0,5.18798828125,8.018850053265606,0.6644220352172852,60.926937103271484,475.6141052246094,11.902959823608398,24.556516647338867,1.2817800045013428,12.934465636822196,60.49,342.86
04_tfm_ifm_pytorch,3407,Transformer,654337.0,5.235644340515137,7.904339827224539,0.6739377975463867,61.486602783203125,543.0067749023438,11.422718048095703,23.56574821472168,1.783000111579895,3.5348360655737703,67.25,342.86
04_tfm_ifm_pytorch,9999,Transformer,654337.0,5.148426532745361,7.900906049704046,0.6742210388183594,60.46232604980469,470.5479736328125,11.80389404296875,24.35213851928711,1.2180771827697754,14.850646279949558,63.57,342.86
05_tfm_afm_pytorch,42,Transformer,350210.0,5.939792156219482,8.747916709304546,0.6006271839141846,69.7560043334961,579.325439453125,14.247689247131348,29.39383316040039,-0.045597855001688004,21.775168137873056,169.81,939.47
05_tfm_afm_pytorch,123,Transformer,350210.0,6.368438720703125,9.199517312034043,0.5583285689353943,74.78996276855469,601.61962890625,15.186653137207031,31.33097267150879,0.36498185992240906,22.83916561580496,195.71,293.64
05_tfm_afm_pytorch,456,Transformer,350210.0,5.78663969039917,8.353953776576207,0.6357887983322144,67.95740509033203,740.6351318359375,13.909811019897461,28.69676971435547,0.3590027391910553,18.74868642286675,159.26,293.64
05_tfm_afm_pytorch,789,Transformer,350210.0,6.504424095153809,9.310428670649381,0.547614574432373,76.38695526123047,523.9928588867188,13.884760856628418,28.645090103149414,0.3746264576911926,25.549075241698194,288.04,293.64
05_tfm_afm_pytorch,1024,Transformer,350210.0,6.053524017333984,8.72269735911719,0.6029266119003296,71.09165954589844,552.0606689453125,15.435609817504883,31.84458351135254,-0.023300396278500557,23.161977196300967,147.84,293.64
05_tfm_afm_pytorch,2024,Transformer,350210.0,5.6162309646606445,8.095663779684246,0.6579622030258179,65.9561538696289,551.4527587890625,13.968299865722656,28.81743621826172,0.08935627341270447,22.68613387978142,142.31,293.64
05_tfm_afm_pytorch,2025,Transformer,350210.0,6.163674354553223,9.117642715713654,0.5661552548408508,72.38523864746094,544.1285400390625,14.655315399169922,30.234790802001953,0.32419222593307495,21.966622005044137,179.75,293.64
05_tfm_afm_pytorch,2026,Transformer,350210.0,6.356895446777344,8.936805538059875,0.5831941366195679,74.65440368652344,735.9545288085938,13.613312721252441,28.0850772857666,0.9156455397605896,21.22280895334174,133.3,293.64
05_tfm_afm_pytorch,3407,Transformer,350210.0,6.068819046020508,8.576907323353707,0.6160889267921448,71.27127838134766,494.1490173339844,14.264902114868164,29.429344177246094,-1.6932783126831055,34.856754413619164,132.18,293.64
05_tfm_afm_pytorch,9999,Transformer,350210.0,6.234671592712402,9.005930324284071,0.5767213106155396,73.2190170288086,577.4918823242188,13.584956169128418,28.026575088500977,1.4172451496124268,16.08442360235393,174.93,293.64
06_tfm_ptst_pytorch,42,Transformer,542056.0,5.787341594696045,9.305673849641327,0.5480765104293823,67.96565246582031,502.4314880371094,19.0272159576416,39.25428009033203,0.03537244349718094,13.87958438419504,141.42,1860.26
06_tfm_ptst_pytorch,123,Transformer,542056.0,5.747655868530273,9.182611735033078,0.5599503517150879,67.49958801269531,519.731689453125,18.743005752563477,38.66794204711914,0.08010611683130264,12.964677910886927,115.6,1864.41
06_tfm_ptst_pytorch,456,Transformer,542056.0,5.859384059906006,9.322972086878456,0.5463948249816895,68.81170654296875,489.4125061035156,18.1341609954834,37.41185760498047,0.07920645922422409,17.722782681799075,141.26,1864.41
06_tfm_ptst_pytorch,789,Transformer,542056.0,5.772850036621094,9.228345525879465,0.5555561780929565,67.79546356201172,493.152099609375,19.033910751342773,39.26809310913086,-0.11310567706823349,16.762229403110553,131.47,1864.41
06_tfm_ptst_pytorch,1024,Transformer,542056.0,5.802635192871094,9.2590502205317,0.5525937080383301,68.14524841308594,489.1390380859375,18.285076141357422,37.72320556640625,0.056493695825338364,17.201292559899116,261.58,1864.41
06_tfm_ptst_pytorch,2024,Transformer,542056.0,5.692141056060791,9.226929220458748,0.5556925535202026,66.84762573242188,480.66973876953125,18.972200393676758,39.14078140258789,-0.4810664653778076,19.499724148802017,144.87,1864.41
06_tfm_ptst_pytorch,2025,Transformer,542056.0,5.733693599700928,9.252996011058476,0.553178608417511,67.33561706542969,492.90667724609375,18.978303909301758,39.15337371826172,-0.14447447657585144,16.153386401849517,165.41,1864.41
06_tfm_ptst_pytorch,2026,Transformer,542056.0,5.775530815124512,9.340869268118574,0.5446516275405884,67.82695007324219,517.6480102539062,19.182584762573242,39.57481384277344,-0.11363878846168518,15.007618747372845,184.36,1864.41
06_tfm_ptst_pytorch,3407,Transformer,542056.0,5.769140243530273,9.193884052308096,0.5588693618774414,67.75189208984375,534.38330078125,18.57018280029297,38.31139373779297,0.19156047701835632,13.533128415300547,212.82,1864.41
06_tfm_ptst_pytorch,9999,Transformer,542056.0,5.7314453125,9.225764512221247,0.5558047294616699,67.30921173095703,500.1703796386719,18.424219131469727,38.01026153564453,-0.11172453314065933,17.586827448507776,165.07,1864.41
07_tfm_itfm_pytorch,42,Transformer,,5.105245113372803,7.499515772128642,0.706481397151947,59.95520782470703,544.1889038085938,10.705404281616211,22.085887908935547,1.811177372932434,2.914827658680118,66.53,97.58
07_tfm_itfm_pytorch,123,Transformer,,4.940953254699707,7.300623712937162,0.7218435406684875,58.025794982910156,532.6119995117188,11.123482704162598,22.948408126831055,1.4013867378234863,5.031000420344682,62.92,97.58
07_tfm_itfm_pytorch,456,Transformer,,4.872495174407959,7.305306833704544,0.7214865684509277,57.22183609008789,511.7720642089844,11.317627906799316,23.348941802978516,1.2585123777389526,4.581757040773434,75.33,97.58
07_tfm_itfm_pytorch,789,Transformer,,5.017042636871338,7.540503930370024,0.7032642364501953,58.919376373291016,511.22039794921875,10.728888511657715,22.134336471557617,1.8091557025909424,2.3325845943673813,94.81,97.58
07_tfm_itfm_pytorch,1024,Transformer,,5.214787006378174,7.607611669246702,0.6979590058326721,61.24165725708008,552.7020263671875,11.179580688476562,23.06414031982422,1.7478888034820557,5.140684110970996,51.89,97.58
07_tfm_itfm_pytorch,2024,Transformer,,5.305972576141357,7.773732671453065,0.684624195098877,62.31252670288086,573.6697998046875,11.088289260864258,22.875802993774414,1.8715256452560425,5.235918453131569,51.55,97.58
07_tfm_itfm_pytorch,2025,Transformer,,5.310303688049316,7.662294827525614,0.6936012506484985,62.3633918762207,592.0487060546875,11.267362594604492,23.245241165161133,2.0429720878601074,1.9946668768390081,48.22,97.58
07_tfm_itfm_pytorch,2026,Transformer,,4.947722434997559,7.30059366816938,0.7218458652496338,58.105289459228516,517.383544921875,11.108642578125,22.91779136657715,1.459255337715149,3.5414039512400164,57.39,97.58
07_tfm_itfm_pytorch,3407,Transformer,,5.035655498504639,7.5388970391493295,0.7033906579017639,59.137962341308594,507.3382873535156,11.214910507202148,23.13702964782715,1.3589264154434204,4.922958701134931,51.41,97.58
07_tfm_itfm_pytorch,9999,Transformer,,5.186487674713135,7.580228344540228,0.7001294493675232,60.9093132019043,570.4747924804688,11.467439651489258,23.65801239013672,1.6921849250793457,5.005714060529634,47.01,97.58
08_tfm_timesnet_pytorch,42,CNN / 2D Temporal,,6.284978866577148,8.948494078036171,0.5821031332015991,73.80982971191406,758.0950927734375,16.60492706298828,34.256954193115234,2.264942169189453,3.5637347625052542,116.31,2917.32
08_tfm_timesnet_pytorch,123,CNN / 2D Temporal,,5.94893217086792,8.59050409225687,0.6148707270622253,69.86334228515625,646.8497314453125,15.659006118774414,32.30546569824219,1.8427259922027588,2.8087563051702396,105.03,564.75
08_tfm_timesnet_pytorch,456,CNN / 2D Temporal,,5.740451335906982,8.381358451625184,0.6333953142166138,67.41497802734375,435.93511962890625,13.406331062316895,27.65806007385254,1.6935991048812866,7.163921290458175,116.59,565.54
08_tfm_timesnet_pytorch,789,CNN / 2D Temporal,,6.201821327209473,8.754858793277844,0.599993109703064,72.83323669433594,725.928466796875,17.283336639404297,35.65655517578125,1.9901211261749268,1.2584068936527952,126.37,564.16
08_tfm_timesnet_pytorch,1024,CNN / 2D Temporal,,6.099188804626465,8.974393232231288,0.5796806216239929,71.62793731689453,644.8986206054688,16.316200256347656,33.661293029785156,1.6390889883041382,5.073691677175283,179.22,571.25
08_tfm_timesnet_pytorch,2024,CNN / 2D Temporal,,6.292747974395752,9.248765192866204,0.5535871386528015,73.90106201171875,716.55029296875,15.458919525146484,31.892671585083008,2.478177785873413,5.880884825556957,168.56,571.25
08_tfm_timesnet_pytorch,2025,CNN / 2D Temporal,,6.09199857711792,8.648749782641094,0.6096304655075073,71.54348754882812,644.7356567382812,15.268689155578613,31.50021743774414,2.2484958171844482,8.570762400168137,92.39,558.04
08_tfm_timesnet_pytorch,2026,CNN / 2D Temporal,,6.149233818054199,8.905284521407868,0.5861291885375977,72.21566009521484,585.8690185546875,12.626293182373047,26.048797607421875,2.7166035175323486,8.000669924337958,123.37,567.68
08_tfm_timesnet_pytorch,3407,CNN / 2D Temporal,,6.312373638153076,9.287183926159765,0.5498706698417664,74.13154602050781,750.055908203125,17.047517776489258,35.1700439453125,2.140286445617676,3.0800099831862124,114.98,564.75
08_tfm_timesnet_pytorch,9999,CNN / 2D Temporal,,5.873175144195557,8.934612527994185,0.583398699760437,68.97366333007812,493.53009033203125,21.831382751464844,45.03944396972656,-0.3820487856864929,0.9956914670029423,136.07,564.57
09_lstm_baseline_pytorch,42,Recurrent (RNN),62960.0,5.790408134460449,8.332804955579746,0.6376305222511292,68.00166320800781,690.8361206054688,14.79200267791748,30.51678466796875,2.0186607837677,1.9743064312736445,13.05,175.73
09_lstm_baseline_pytorch,123,Recurrent (RNN),62960.0,5.519999027252197,8.056672111680896,0.6612489819526672,64.8260269165039,630.0751953125,14.699199676513672,30.325326919555664,1.613639235496521,2.539801387137453,11.3,174.96
09_lstm_baseline_pytorch,456,Recurrent (RNN),62960.0,5.661153793334961,8.053627040551405,0.6615050435066223,66.48371887207031,633.9278564453125,13.513595581054688,27.87935447692871,2.0055201053619385,2.7565416141235812,10.16,174.96
09_lstm_baseline_pytorch,789,Recurrent (RNN),62960.0,5.617016792297363,7.992583174620246,0.6666169166564941,65.96537780761719,671.20947265625,14.155153274536133,29.202926635742188,1.9836091995239258,2.5148434216057165,10.08,174.96
09_lstm_baseline_pytorch,1024,Recurrent (RNN),62960.0,5.714823246002197,8.207065180944852,0.6484841108322144,67.11400604248047,653.6785278320312,13.741257667541504,28.34903335571289,1.8520206212997437,2.7135219630096676,10.83,174.96
09_lstm_baseline_pytorch,2024,Recurrent (RNN),62960.0,5.697379112243652,8.061732529181944,0.6608233451843262,66.90914154052734,674.3605346679688,11.2252836227417,23.158430099487305,2.643369436264038,2.3828289197141657,11.67,174.96
09_lstm_baseline_pytorch,2025,Recurrent (RNN),62960.0,5.737772464752197,8.105580759768236,0.6571236848831177,67.38351440429688,674.0431518554688,13.225037574768066,27.284040451049805,2.235592842102051,1.0777900378310215,13.53,174.96
09_lstm_baseline_pytorch,2026,Recurrent (RNN),62960.0,5.668699264526367,8.556450036039378,0.6179181337356567,66.57233428955078,615.5677490234375,15.720858573913574,32.433067321777344,1.5282739400863647,1.6058480453972255,17.7,174.96
09_lstm_baseline_pytorch,3407,Recurrent (RNN),62960.0,5.534955978393555,7.979060425478522,0.6677441000938416,65.00167083740234,655.9442749023438,13.422513008117676,27.691444396972656,2.0465126037597656,3.0580075662042874,13.52,174.96
09_lstm_baseline_pytorch,9999,Recurrent (RNN),62960.0,5.6535964012146,8.240835474861179,0.645585298538208,66.39496612548828,658.8438720703125,13.019593238830566,26.860198974609375,2.1637752056121826,1.1891156998738968,17.57,174.96
10_gru_baseline_pytorch,42,Recurrent (RNN),54640.0,5.578415393829346,7.873717915151206,0.6764593124389648,65.51204681396484,624.4874267578125,12.288065910339355,25.351011276245117,2.3814384937286377,1.5526481715006306,26.03,122.52
10_gru_baseline_pytorch,123,Recurrent (RNN),54640.0,5.516796112060547,7.832197823976757,0.6798624992370605,64.78840637207031,628.0496826171875,13.672525405883789,28.207237243652344,1.9874716997146606,1.6554355821773854,24.0,122.52
10_gru_baseline_pytorch,456,Recurrent (RNN),54640.0,5.585351943969727,7.939903796403492,0.670997142791748,65.59351348876953,633.5675048828125,13.499095916748047,27.849441528320312,1.9276071786880493,2.8741067675493905,21.4,122.52
10_gru_baseline_pytorch,789,Recurrent (RNN),54640.0,5.291853427886963,7.651014881506963,0.6945027709007263,62.14671325683594,586.896728515625,13.561454772949219,27.978090286254883,1.5401537418365479,1.5766209541824296,28.95,122.52
10_gru_baseline_pytorch,1024,Recurrent (RNN),54640.0,5.522164821624756,7.9512366430670856,0.6700572967529297,64.85145568847656,617.6959228515625,13.072611808776855,26.969579696655273,1.9441417455673218,3.127955548549811,19.63,122.52
10_gru_baseline_pytorch,2024,Recurrent (RNN),54640.0,5.381570339202881,7.871558027560363,0.676636815071106,63.20033645629883,571.316650390625,12.860921859741211,26.53285026550293,1.79469633102417,2.622228352248844,23.73,122.52
10_gru_baseline_pytorch,2025,Recurrent (RNN),54640.0,5.641394138336182,8.09594602508043,0.6579383611679077,66.25166320800781,647.65478515625,12.661906242370605,26.122268676757812,2.2658438682556152,3.178528268179907,19.33,122.52
10_gru_baseline_pytorch,2026,Recurrent (RNN),54640.0,5.2821784019470215,7.725788073787941,0.688502311706543,62.0330924987793,553.0420532226562,15.061405181884766,31.072574615478516,1.1796324253082275,2.204510823875578,24.61,122.52
10_gru_baseline_pytorch,3407,Recurrent (RNN),54640.0,5.4644060134887695,7.89545388094212,0.6746705174446106,64.17314147949219,625.2263793945312,13.755277633666992,28.377958297729492,1.7012975215911865,2.268876103404792,21.11,122.52
10_gru_baseline_pytorch,9999,Recurrent (RNN),54640.0,5.543458938598633,7.907274021582443,0.6736956834793091,65.10153198242188,601.0997314453125,13.44176959991455,27.731170654296875,1.8838598728179932,1.717173707440101,26.17,122.52
11_dlinear_baseline_pytorch,42,Linear & Decomp,9312.0,6.729619979858398,10.334873412842203,0.4425838589668274,79.03162384033203,714.296142578125,20.07632827758789,41.41866683959961,1.472786545753479,2.056733396385036,27.61,66.42
11_dlinear_baseline_pytorch,123,Linear & Decomp,9312.0,7.100692272186279,10.47976551405098,0.42684465646743774,83.38943481445312,843.460205078125,19.41037368774414,40.04475784301758,2.366786479949951,0.23315994115174443,33.74,66.49
11_dlinear_baseline_pytorch,456,Linear & Decomp,9312.0,6.979060649871826,10.447077029343243,0.43041467666625977,81.96102142333984,795.0089721679688,19.304126739501953,39.825565338134766,2.1203675270080566,0.8728720050441362,26.24,66.49
11_dlinear_baseline_pytorch,789,Linear & Decomp,9312.0,6.994372367858887,10.442400666966055,0.4309244751930237,82.14083099365234,788.1817016601562,19.51837730407715,40.267578125,2.1482105255126953,0.8065363598150483,22.95,66.49
11_dlinear_baseline_pytorch,1024,Linear & Decomp,9312.0,6.963565349578857,10.416039979521031,0.4337940216064453,81.77903747558594,795.75634765625,19.825809478759766,40.90182876586914,1.9663970470428467,1.207177385456074,18.37,66.49
11_dlinear_baseline_pytorch,2024,Linear & Decomp,9312.0,6.939458847045898,10.388796537898862,0.43675196170806885,81.49593353271484,785.5068359375,19.768325805664062,40.783233642578125,2.0062079429626465,0.5040852248844052,42.86,66.49
11_dlinear_baseline_pytorch,2025,Linear & Decomp,9312.0,6.849336624145508,10.405005394908088,0.4349929690361023,80.43756103515625,745.6770629882812,20.058122634887695,41.381099700927734,1.7096000909805298,1.9316151744430434,13.2,66.49
11_dlinear_baseline_pytorch,2026,Linear & Decomp,9312.0,6.944975852966309,10.415777387170943,0.43382251262664795,81.56072998046875,775.7681884765625,19.557125091552734,40.34751510620117,1.9728171825408936,1.0160519125683058,20.21,66.49
11_dlinear_baseline_pytorch,3407,Linear & Decomp,9312.0,7.082363128662109,10.471096402157762,0.4277925491333008,83.17417907714844,830.5228271484375,19.417081832885742,40.05859375,2.3194944858551025,0.34875472887767967,23.33,66.49
11_dlinear_baseline_pytorch,9999,Linear & Decomp,9312.0,7.072968482971191,10.479832126932731,0.42683738470077515,83.06385040283203,818.3912353515625,19.60625648498535,40.448875427246094,2.242003917694092,0.6879860235393023,17.95,66.49
12_nlinear_baseline_pytorch,42,Linear & Decomp,4656.0,6.242590427398682,10.438060631228913,0.43139737844467163,73.31202697753906,655.0341796875,21.39767837524414,44.144683837890625,0.0005947528406977654,4.062565678856663,28.28,69.35
12_nlinear_baseline_pytorch,123,Linear & Decomp,4656.0,6.24390172958374,10.439238078058697,0.431269109249115,73.32742309570312,655.0076904296875,21.358247756958008,44.06333541870117,0.008927206508815289,3.9952448507776377,43.64,69.35
12_nlinear_baseline_pytorch,456,Linear & Decomp,4656.0,6.243034839630127,10.439770114750043,0.43121111392974854,73.31724548339844,654.7915649414062,21.356138229370117,44.058982849121094,0.0072351801209151745,4.040563261874737,34.29,69.35
12_nlinear_baseline_pytorch,789,Linear & Decomp,4656.0,6.252925395965576,10.438668739533357,0.43133115768432617,73.43339538574219,660.9317016601562,21.407291412353516,44.164520263671875,0.002158939139917493,3.939746216897856,34.56,69.35
12_nlinear_baseline_pytorch,1024,Linear & Decomp,4656.0,6.249749660491943,10.436336246873829,0.43158525228500366,73.3960952758789,659.1495361328125,21.464096069335938,44.281707763671875,-0.008218868635594845,4.082926124422026,22.13,69.35
12_nlinear_baseline_pytorch,2024,Linear & Decomp,4656.0,6.249485492706299,10.438212296171285,0.43138086795806885,73.39299774169922,659.49169921875,21.409589767456055,44.16926193237305,0.013924350962042809,3.709870218579235,30.35,69.35
12_nlinear_baseline_pytorch,2025,Linear & Decomp,4656.0,6.250585079193115,10.439405804090597,0.43125081062316895,73.4059066772461,658.7869873046875,21.382469177246094,44.11330795288086,0.014936343766748905,3.7676676124422026,25.33,69.35
12_nlinear_baseline_pytorch,2026,Linear & Decomp,4656.0,6.243070125579834,10.440263759160485,0.43115735054016113,73.3176498413086,656.271484375,21.4362850189209,44.224334716796875,-0.025614511221647263,4.3896463850357295,23.16,69.35
12_nlinear_baseline_pytorch,3407,Linear & Decomp,4656.0,6.243758678436279,10.438048936491242,0.4313986897468567,73.32574462890625,655.9542846679688,21.395212173461914,44.13959884643555,-0.006158521864563227,4.131856872635561,27.75,69.35
12_nlinear_baseline_pytorch,9999,Linear & Decomp,4656.0,6.24700927734375,10.439000918351327,0.4312949776649475,73.3639144897461,656.939208984375,21.368976593017578,44.08547592163086,0.005498202051967382,3.9351486969314835,33.61,69.35
13_smamba_baseline_pytorch,42,State Space Model,333288.0,5.192625522613525,8.190462231756168,0.6499048471450806,60.98139190673828,466.59503173828125,15.949857711791992,32.9055061340332,-0.8222733736038208,22.554776166456495,466.74,534.25
13_smamba_baseline_pytorch,123,State Space Model,333288.0,5.212780475616455,8.221699580630554,0.6472293734550476,61.21809387207031,483.90911865234375,16.040388107299805,33.09227752685547,-0.6457764506340027,20.21332492643968,300.7,534.25
13_smamba_baseline_pytorch,456,State Space Model,333288.0,5.334068298339844,8.306717087218622,0.6398959159851074,62.64247131347656,503.7627258300781,16.090993881225586,33.196678161621094,-0.5147276520729065,20.501326712904582,340.83,534.25
13_smamba_baseline_pytorch,789,State Space Model,333288.0,5.693066120147705,9.106583077459936,0.5672070980072021,66.8584976196289,590.8883056640625,18.586807250976562,38.3456916809082,-0.6256827116012573,20.186724989491385,293.87,534.25
13_smamba_baseline_pytorch,1024,State Space Model,333288.0,5.673064708709717,9.126638605015676,0.5652987360954285,66.62359619140625,531.1151123046875,18.726627349853516,38.634151458740234,-0.7019979953765869,20.907222047078605,228.67,534.25
13_smamba_baseline_pytorch,2024,State Space Model,333288.0,5.855185508728027,9.311806467332673,0.5474807024002075,68.76239776611328,574.4393310546875,19.082693099975586,39.36873245239258,-0.48262733221054077,20.66125472887768,195.07,534.25
13_smamba_baseline_pytorch,2025,State Space Model,333288.0,5.318662643432617,8.28620088961796,0.6416724920272827,62.46155548095703,477.908935546875,16.61674690246582,34.28133773803711,-1.4587055444717407,26.965768179907524,682.41,534.25
13_smamba_baseline_pytorch,2026,State Space Model,333288.0,5.22075891494751,8.213819293883821,0.6479052901268005,61.31178665161133,521.8418579101562,16.297914505004883,33.623565673828125,-0.9419555068016052,23.210251155947876,438.29,534.25
13_smamba_baseline_pytorch,3407,State Space Model,333288.0,5.694110870361328,9.072879293359689,0.5704047679901123,66.87075805664062,588.855224609375,17.925325393676758,36.98101806640625,-0.4242050051689148,19.978194619588063,344.09,534.25
13_smamba_baseline_pytorch,9999,State Space Model,333288.0,5.765099048614502,9.210496421134447,0.5572737455368042,67.70443725585938,602.1886596679688,17.551443099975586,36.20967483520508,-0.09796027839183807,18.444593316519544,291.74,534.25
14_powermamba_baseline_pytorch,42,State Space Model,45360.0,5.8353495597839355,8.258572372944379,0.6440580487251282,68.52944946289062,680.804443359375,14.69853401184082,30.323951721191406,2.0923962593078613,2.754242854140395,85.38,385.37
14_powermamba_baseline_pytorch,123,State Space Model,45360.0,5.804337024688721,8.135618812175952,0.6545776724815369,68.16524505615234,733.385986328125,14.322181701660156,29.547515869140625,2.120190143585205,2.1683874527112232,98.14,385.37
14_powermamba_baseline_pytorch,456,State Space Model,45360.0,5.60450553894043,8.00206777552415,0.6658252477645874,65.81845092773438,686.6932983398438,13.263989448547363,27.364402770996094,2.1533946990966797,2.8455364649012194,163.56,385.37
14_powermamba_baseline_pytorch,789,State Space Model,45360.0,5.918636322021484,8.328814794662508,0.6379774808883667,69.50755310058594,688.1050415039062,13.775521278381348,28.419721603393555,2.437918186187744,4.543334909625893,88.13,385.37
14_powermamba_baseline_pytorch,1024,State Space Model,45360.0,5.8637590408325195,8.187913724041293,0.6501227617263794,68.86308288574219,737.5845336914062,13.311115264892578,27.461624145507812,2.5490236282348633,1.83473886086591,86.27,385.37
14_powermamba_baseline_pytorch,2024,State Space Model,45360.0,5.764662265777588,8.201580490758273,0.6489537954330444,67.69931030273438,690.77490234375,14.711087226867676,30.349849700927734,1.9614465236663818,2.2215873266078185,87.03,385.37
14_powermamba_baseline_pytorch,2025,State Space Model,45360.0,5.727054119110107,8.117821441949737,0.6560872793197632,67.25764465332031,695.250732421875,14.267921447753906,29.435571670532227,2.127814292907715,2.332256200084069,156.49,385.37
14_powermamba_baseline_pytorch,2026,State Space Model,45360.0,5.929318904876709,8.576567961916416,0.6161193251609802,69.63301086425781,674.8218994140625,15.848664283752441,32.69674301147461,1.785784125328064,5.222782681799075,74.63,385.37
14_powermamba_baseline_pytorch,3407,State Space Model,45360.0,5.548906326293945,7.980936463365398,0.6675878167152405,65.1655044555664,677.7740478515625,14.96621322631836,30.876190185546875,1.5949902534484863,2.158864018495166,120.8,385.37
14_powermamba_baseline_pytorch,9999,State Space Model,45360.0,5.848361492156982,8.281577049850902,0.642072319984436,68.68225860595703,700.623046875,13.399274826049805,27.64350128173828,2.4914653301239014,2.3644388398486758,114.0,385.37
15_timemachine_baseline_pytorch,42,State Space Model,38448.0,5.689952373504639,8.102797940998915,0.6573590636253357,66.82192993164062,674.596435546875,15.439958572387695,31.853557586669922,1.5945477485656738,2.7493169398907105,377.85,131.28
15_timemachine_baseline_pytorch,123,State Space Model,38448.0,5.739006042480469,8.063375262871176,0.6606850624084473,67.39800262451172,706.8792114257812,12.958303451538086,26.733753204345703,2.5049750804901123,2.0334174022698615,398.07,131.28
15_timemachine_baseline_pytorch,456,State Space Model,38448.0,5.778273105621338,8.26107276212674,0.6438424587249756,67.85914611816406,718.2874145507812,15.22882080078125,31.417964935302734,1.7936177253723145,3.0330496006725514,328.57,131.28
15_timemachine_baseline_pytorch,789,State Space Model,38448.0,5.609052658081055,8.152916003962986,0.6531072854995728,65.8718490600586,657.34130859375,15.734601020812988,32.46141815185547,1.2538717985153198,4.715413514081547,323.55,131.28
15_timemachine_baseline_pytorch,1024,State Space Model,38448.0,5.741049766540527,8.215303459854663,0.6477780342102051,67.42200469970703,666.7162475585938,13.771309852600098,28.411033630371094,2.143954038619995,3.3240069356872635,367.27,131.28
15_timemachine_baseline_pytorch,2024,State Space Model,38448.0,5.575101852416992,8.224569718721185,0.6469830274581909,65.47313690185547,589.0996704101562,16.08896255493164,33.19248962402344,1.2270570993423462,3.9082203656998735,537.24,131.28
15_timemachine_baseline_pytorch,2025,State Space Model,38448.0,5.550384998321533,8.029503777208348,0.6635297536849976,65.18286895751953,668.7667236328125,15.816028594970703,32.62940979003906,1.4709864854812622,3.437631357713325,412.19,131.28
15_timemachine_baseline_pytorch,2026,State Space Model,38448.0,5.549708843231201,8.091872067370288,0.6582825183868408,65.1749267578125,597.0337524414062,14.444276809692383,29.79940414428711,1.6771175861358643,3.525969419924338,417.64,131.28
15_timemachine_baseline_pytorch,3407,State Space Model,38448.0,5.618896007537842,8.066900900390356,0.6603882312774658,65.9874496459961,670.1754760742188,14.156225204467773,29.205137252807617,1.791678547859192,3.4310634720470787,415.35,131.28
15_timemachine_baseline_pytorch,9999,State Space Model,38448.0,5.800723552703857,8.22809490194006,0.6466803550720215,68.12281036376953,728.2095336914062,13.292855262756348,27.423954010009766,2.4504218101501465,1.5963246111811684,702.19,131.28
16_s4d_baseline_pytorch,42,State Space Model,27984.0,5.9162445068359375,8.3626545114883,0.635029673576355,69.47946166992188,703.42431640625,12.87314224243164,26.558059692382812,2.6652848720550537,2.20910834384195,22.65,77.32
16_s4d_baseline_pytorch,123,State Space Model,27984.0,5.905919075012207,8.403236728321238,0.6314789056777954,69.35820770263672,701.9428100585938,12.232348442077637,25.236064910888672,2.783365249633789,3.083293926019336,18.95,77.32
16_s4d_baseline_pytorch,456,State Space Model,27984.0,5.623653411865234,8.162489101525313,0.6522921919822693,66.04331970214844,618.713134765625,14.679220199584961,30.284107208251953,1.7065327167510986,3.2222047078604454,19.52,77.32
16_s4d_baseline_pytorch,789,State Space Model,27984.0,5.509995460510254,8.006439001873595,0.6654600501060486,64.70853424072266,643.9288940429688,13.841084480285645,28.554981231689453,1.5166717767715454,4.350239071038251,18.27,77.32
16_s4d_baseline_pytorch,1024,State Space Model,27984.0,5.660131454467773,8.285810488814173,0.6417062878608704,66.47171020507812,668.7594604492188,11.836735725402832,24.419891357421875,2.6395761966705322,2.3559005884825557,22.97,77.32
16_s4d_baseline_pytorch,2024,State Space Model,27984.0,5.639559268951416,8.150226575826263,0.6533361673355103,66.23011779785156,684.2896728515625,12.389701843261719,25.56069564819336,2.4445343017578125,2.3756042454812945,18.9,77.32
16_s4d_baseline_pytorch,2025,State Space Model,27984.0,5.872359752655029,8.463465093804249,0.6261773109436035,68.9640884399414,661.9960327148438,16.346534729003906,33.723876953125,1.5311455726623535,2.9782077553593944,18.4,77.32
16_s4d_baseline_pytorch,2026,State Space Model,27984.0,5.818109035491943,8.314737807479494,0.6392002105712891,68.32697296142578,687.9411010742188,12.698179244995117,26.197099685668945,2.505986213684082,2.638976460697772,19.11,77.32
16_s4d_baseline_pytorch,3407,State Space Model,27984.0,5.813731670379639,8.46821215283543,0.6257578730583191,68.27557373046875,670.4054565429688,13.48840618133545,27.82738494873047,2.195504903793335,3.3410834384195036,18.06,77.32
16_s4d_baseline_pytorch,9999,State Space Model,27984.0,5.930553913116455,8.573768051224118,0.616369903087616,69.64751434326172,721.2824096679688,13.666214942932129,28.194215774536133,2.251174211502075,4.244496111811685,17.09,77.32
17_xgboost_baseline,42,Tree-based GBDT,48000.0,5.457611482006061,8.116229170328133,0.6562222137609941,64.09334958542885,567.4498872351814,14.769117811570421,30.469570765222866,1.174093582222693,1.8225882723833544,49.95,
17_xgboost_baseline,123,Tree-based GBDT,48000.0,5.470391832437245,8.141639351431126,0.654066254374517,64.24344005462235,574.2505193416902,14.711165469985328,30.350011628687707,1.1915822100029736,1.9880989911727616,49.48,
17_xgboost_baseline,456,Tree-based GBDT,48000.0,5.446863922494818,8.130293633521115,0.6550297291221605,63.967131900052124,567.9379930295834,14.772717313754969,30.476996752877028,1.1547598678093307,2.124711013030685,50.66,
17_xgboost_baseline,789,Tree-based GBDT,48000.0,5.472797568361573,8.134734104762844,0.6546528057412161,64.27169264719267,575.995589174019,14.67296061191152,30.271192728228858,1.2335621543230975,1.873160992013451,49.01,
17_xgboost_baseline,1024,Tree-based GBDT,48000.0,5.459608828253179,8.1349131890591,0.6546376000960857,64.1168061124612,565.3630338561381,14.802578383060373,30.53860191954538,1.1792983332047566,1.8436055065153425,49.37,
17_xgboost_baseline,2024,Tree-based GBDT,48000.0,5.4820118765502075,8.147610754096858,0.6535586251026986,64.37990406492902,572.4693918378268,14.789890284616929,30.51242561583306,1.203579563831894,1.7355637873055905,48.54,
17_xgboost_baseline,2025,Tree-based GBDT,48000.0,5.454064426219967,8.136917146685414,0.6544674257268948,64.05169350799522,564.3847610156789,14.822137281301968,30.578953092964493,1.1436564169362964,1.9726644598570826,50.65,
17_xgboost_baseline,2026,Tree-based GBDT,48000.0,5.460282982224526,8.141312955540897,0.6540939905796469,64.1247232729814,572.0809656373581,14.70977739823286,30.347147953888125,1.2088001647951592,2.000906368221942,49.74,
17_xgboost_baseline,3407,Tree-based GBDT,48000.0,5.453639480847788,8.126113017525467,0.6553844069503338,64.04670301492264,561.2239856113836,14.754753636420666,30.439936615316725,1.1695162518014142,1.9119115174443042,48.19,
17_xgboost_baseline,9999,Tree-based GBDT,48000.0,5.465316996716545,8.142051824927856,0.654031201945886,64.18384196468728,571.1269467648763,14.74403497030069,30.41782336792997,1.1875656682785762,2.1273381672971836,49.76,
18_lightgbm_baseline,42,Tree-based GBDT,48000.0,5.38235010330365,8.119415540226944,0.6559522316817689,63.20949153298978,558.7320592226537,14.784545663054821,30.501399342837093,0.9372977991761478,2.784126733921816,205.39,
18_lightgbm_baseline,123,Tree-based GBDT,48000.0,5.393086971028917,8.112847101355932,0.6565086615467233,63.33558365567696,558.0159578401184,14.682308431024587,30.29047783649328,0.9831472002094365,2.6018679066834807,199.22,
18_lightgbm_baseline,456,Tree-based GBDT,48000.0,5.382908339817619,8.102255534428025,0.6574049527309989,63.21604737672456,556.3118821722802,14.688056187097866,30.302335800025727,0.9791922756078882,2.568043295502312,198.2,
18_lightgbm_baseline,789,Tree-based GBDT,48000.0,5.377918329287301,8.103796546263476,0.6572746203250324,63.157445460774866,554.1709636605981,14.72758292890864,30.383881825461213,0.9422774646276194,3.0294372635561158,206.38,
18_lightgbm_baseline,1024,Tree-based GBDT,48000.0,5.393902763721798,8.114601342622223,0.6563600991938259,63.345164199551604,555.7626540505012,14.730006381630151,30.388881552942326,0.9547588507630977,2.7282997057587224,207.69,
18_lightgbm_baseline,2024,Tree-based GBDT,48000.0,5.378124255570995,8.116721690972867,0.6561804892628906,63.1598638273686,551.1163696456296,14.78953451930554,30.511691650780477,0.9115755738378467,3.0583359604875997,178.36,
18_lightgbm_baseline,2025,Tree-based GBDT,48000.0,5.3853124268337265,8.119001862409212,0.6559872887135509,63.24428060477043,558.5678724259866,14.699509570157648,30.32596481227234,0.964392710217333,2.8852721731820092,187.89,
18_lightgbm_baseline,2026,Tree-based GBDT,48000.0,5.394736363513104,8.120896752713895,0.6558266920215547,63.354953867250494,565.114202602361,14.691448447227595,30.30933423496243,1.0002277650989706,2.6741146490121896,188.77,
18_lightgbm_baseline,3407,Tree-based GBDT,48000.0,5.3871278639014,8.125920319595254,0.6554007507850779,63.26560081838628,554.4012853726282,14.77087854552784,30.47320326437405,0.9322711781929556,3.1033259773013873,202.54,
18_lightgbm_baseline,9999,Tree-based GBDT,48000.0,5.389590886101052,8.114936321359464,0.656331727020962,63.294526172160445,556.6753073982992,14.694661294839474,30.315962531175984,0.9897852086938446,2.7282997057587224,189.58,
19_sarima_baseline,42,Statistical Baseline,4.0,10.111922628122658,13.812902971780941,0.1407112433798523,108.27448486503816,216.30491440565612,20.374184112130322,43.114120798542835,0.10828307147584904,26.53125,11593.68,
20_tfm_mft_pytorch,42,Transformer (MFT),231024.0,5.68533992767334,8.411390356649346,0.6307634115219116,66.76776123046875,628.4092407226562,13.395427703857422,27.63556480407715,2.3118648529052734,1.2216267339218159,35.58,501.24
20_tfm_mft_pytorch,123,Transformer (MFT),231024.0,5.657954216003418,8.22089221725089,0.6472986340522766,66.4461441040039,642.7504272460938,13.588836669921875,28.03458023071289,2.206573247909546,2.1434294871794872,23.87,499.77
20_tfm_mft_pytorch,456,Transformer (MFT),231024.0,5.35832405090332,7.84277556548424,0.6789972186088562,62.92733383178711,590.5088500976562,12.455948829650879,25.697364807128906,2.033275842666626,0.883052227826818,32.7,499.77
20_tfm_mft_pytorch,789,Transformer (MFT),231024.0,5.519618988037109,8.03335436848568,0.6632069945335388,64.8215560913086,635.078125,13.29005241394043,27.41817283630371,2.061884880065918,0.4407051282051282,31.99,499.77
20_tfm_mft_pytorch,1024,Transformer (MFT),231024.0,5.468214511871338,8.233451197883527,0.6462202072143555,64.2178726196289,605.2391357421875,14.777629852294922,30.487133026123047,1.5499855279922485,0.6571169609079445,45.6,499.77
20_tfm_mft_pytorch,2024,Transformer (MFT),231024.0,5.4493913650512695,8.014981071083339,0.6647458076477051,63.9968147277832,587.5469970703125,12.58141040802002,25.95619773864746,2.0539209842681885,1.5076581546868433,37.96,499.77
20_tfm_mft_pytorch,2025,Transformer (MFT),231024.0,5.779752731323242,8.288170567881956,0.6415021419525146,67.87652587890625,643.7952880859375,12.557914733886719,25.90772819519043,2.6660237312316895,0.940192833123161,32.55,499.77
20_tfm_mft_pytorch,2026,Transformer (MFT),231024.0,5.34656286239624,7.738885847232413,0.6874452829360962,62.789207458496094,599.9109497070312,13.091171264648438,27.00786590576172,1.770344853401184,0.6032602984447246,39.49,499.77
20_tfm_mft_pytorch,3407,Transformer (MFT),231024.0,5.887154579162598,8.658514835142954,0.6087484955787659,69.1378402709961,629.8659057617188,12.473881721496582,25.73436164855957,2.7188663482666016,1.230164985287936,24.51,499.77
20_tfm_mft_pytorch,9999,Transformer (MFT),231024.0,6.282271862030029,8.923539362188926,0.5844306349754333,73.77803039550781,741.9835205078125,12.364723205566406,25.5091609954834,3.303274393081665,2.0386717108028583,19.81,499.77
21_cnn_lstm_tfm_pytorch,42,Hybrid Architecture,685104.0,5.503719806671143,8.001878041126258,0.6658411026000977,64.63484191894531,572.984619140625,13.79248332977295,28.454715728759766,1.2955167293548584,6.752114859184531,19.87,2176.6
21_cnn_lstm_tfm_pytorch,123,Hybrid Architecture,685104.0,5.7158203125,8.537954525556385,0.6195681095123291,67.12571716308594,524.5339965820312,17.09281349182129,35.263492584228516,0.2671067416667938,12.805406683480456,14.73,439.39
21_cnn_lstm_tfm_pytorch,456,Hybrid Architecture,685104.0,6.0927839279174805,8.786785295271264,0.5970703363418579,71.55271911621094,615.81298828125,13.851070404052734,28.575584411621094,2.4412577152252197,3.055380411937789,19.07,439.21
21_cnn_lstm_tfm_pytorch,789,Hybrid Architecture,685104.0,5.792890548706055,8.608580952492984,0.6132482290267944,68.03080749511719,589.6171875,14.760793685913086,30.4523983001709,1.5713317394256592,6.303199873896595,16.87,439.39
21_cnn_lstm_tfm_pytorch,1024,Hybrid Architecture,685104.0,5.493843078613281,8.006992621900434,0.6654137372970581,64.51884460449219,563.780517578125,13.282154083251953,27.40187644958496,1.4421665668487549,8.958924443043296,15.53,439.21
21_cnn_lstm_tfm_pytorch,2024,Hybrid Architecture,685104.0,5.862168788909912,8.587678963519116,0.615123987197876,68.84440612792969,544.1972045898438,12.146578788757324,25.05911636352539,2.4578518867492676,6.528806746532156,17.26,439.39
21_cnn_lstm_tfm_pytorch,2025,Hybrid Architecture,685104.0,5.734728813171387,8.593341165701307,0.614616334438324,67.34777069091797,642.5747680664062,14.186132431030273,29.26683807373047,1.733652114868164,5.482542559899118,18.39,439.21
21_cnn_lstm_tfm_pytorch,2026,Hybrid Architecture,685104.0,5.9562273025512695,8.750808678451122,0.6003630757331848,69.94902038574219,548.7188110351562,15.870469093322754,32.74172592163086,1.4602179527282715,6.4030317360235385,16.52,439.39
21_cnn_lstm_tfm_pytorch,3407,Hybrid Architecture,685104.0,5.58582878112793,8.233690729247872,0.6461995840072632,65.59911346435547,519.1458740234375,12.991997718811035,26.803266525268555,1.7363371849060059,6.61451765447667,17.27,439.21
21_cnn_lstm_tfm_pytorch,9999,Hybrid Architecture,685104.0,5.604732513427734,8.034875192580875,0.6630794405937195,65.82111358642578,662.182373046875,10.772270202636719,22.223834991455078,2.6763625144958496,6.413540353089534,17.11,439.39
22_tfm_fedformer_pytorch,42,Transformer,54530.0,5.520426273345947,7.860229445741216,0.6775668859481812,64.83103942871094,512.7438354492188,13.065102577209473,26.954084396362305,-0.2731208801269531,25.74315626313577,38.95,251.79
22_tfm_fedformer_pytorch,123,Transformer,54530.0,5.590700149536133,7.976748771622193,0.6679365634918213,65.65631866455078,536.4645385742188,12.625420570373535,26.046995162963867,-0.0021489043720066547,26.629820828079026,30.72,251.79
22_tfm_fedformer_pytorch,456,Transformer,54530.0,5.540345191955566,7.897768318663394,0.6744797825813293,65.0649642944336,542.0015869140625,12.5225830078125,25.834835052490234,-0.002853489713743329,26.311278373266077,26.77,251.79
22_tfm_fedformer_pytorch,789,Transformer,54530.0,5.590239524841309,7.947538501013861,0.6703641414642334,65.65090942382812,615.9356079101562,12.71232795715332,26.22629165649414,0.07535415887832642,24.709699453551913,31.81,251.79
22_tfm_fedformer_pytorch,1024,Transformer,54530.0,5.717217445373535,8.079420683082343,0.659333348274231,67.14212036132812,530.8707275390625,12.689435958862305,26.17906379699707,-0.29354697465896606,28.84089953762085,22.42,251.79
22_tfm_fedformer_pytorch,2024,Transformer,54530.0,5.58823299407959,7.9861351506705285,0.6671546697616577,65.62734985351562,508.7161560058594,12.931092262268066,26.677614212036133,-0.29051673412323,27.433073245060953,25.03,251.79
22_tfm_fedformer_pytorch,2025,Transformer,54530.0,5.440631866455078,7.794732481725715,0.6829179525375366,63.893943786621094,512.5374145507812,12.927153587341309,26.669490814208984,-0.33022093772888184,26.550677805800753,28.1,251.79
22_tfm_fedformer_pytorch,2026,Transformer,54530.0,5.489058494567871,7.8141699875286905,0.6813346147537231,64.46265411376953,529.1620483398438,12.703202247619629,26.20746421813965,-0.31611552834510803,26.859696826397645,32.75,251.79
22_tfm_fedformer_pytorch,3407,Transformer,54530.0,5.574810028076172,7.9155069672963085,0.673015832901001,65.46971130371094,557.1781616210938,12.496679306030273,25.781396865844727,-0.15090394020080566,26.88169924337957,29.41,251.79
22_tfm_fedformer_pytorch,9999,Transformer,54530.0,5.575281620025635,7.892335491042802,0.6749274730682373,65.47525024414062,516.7915649414062,12.155478477478027,25.077476501464844,-0.22077472507953644,28.782445355191257,38.74,251.79
23_tcn_baseline_pytorch,42,CNN / 2D Temporal,161392.0,5.140723705291748,7.57529294294199,0.7005198001861572,60.37186813354492,532.477783203125,15.249576568603516,31.460784912109375,0.6509180068969727,4.235629466162253,22.79,1114.98
23_tcn_baseline_pytorch,123,CNN / 2D Temporal,161392.0,5.294756889343262,7.614682079949953,0.6973973512649536,62.18081283569336,542.3677978515625,13.023123741149902,26.86747932434082,1.3734581470489502,3.688196195880622,18.67,99.99
23_tcn_baseline_pytorch,456,CNN / 2D Temporal,161392.0,5.251040935516357,7.512941511893515,0.7054295539855957,61.66741943359375,588.5276489257812,11.555956840515137,23.840627670288086,1.8592541217803955,4.568621269440942,19.7,99.99
23_tcn_baseline_pytorch,789,CNN / 2D Temporal,161392.0,5.225166320800781,7.565660305011723,0.701280951499939,61.363548278808594,598.090576171875,13.914315223693848,28.70606231689453,1.233676791191101,3.8717686002522065,21.0,99.99
23_tcn_baseline_pytorch,1024,CNN / 2D Temporal,161392.0,5.135945796966553,7.387622182903914,0.715174674987793,60.315757751464844,572.1341552734375,11.751814842224121,24.244693756103516,1.6327725648880005,5.750512295081967,19.77,99.99
23_tcn_baseline_pytorch,2024,CNN / 2D Temporal,161392.0,4.988689422607422,7.611717787770647,0.697632908821106,58.58639907836914,489.5912780761719,16.279592514038086,33.58576965332031,0.020395325496792793,8.136625157629256,20.47,99.99
23_tcn_baseline_pytorch,2025,CNN / 2D Temporal,161392.0,5.071879863739014,7.586792069769153,0.6996099352836609,59.56337356567383,459.3550720214844,13.010927200317383,26.84231948852539,0.8579161763191223,9.140526481715007,20.95,99.99
23_tcn_baseline_pytorch,2026,CNN / 2D Temporal,161392.0,5.097790241241455,7.499388606264742,0.7064913511276245,59.86766052246094,493.9318542480469,13.980648040771484,28.842910766601562,0.7878521084785461,5.8992749054224465,17.95,99.99
23_tcn_baseline_pytorch,3407,CNN / 2D Temporal,161392.0,4.950152397155762,7.245068681705972,0.7260607481002808,58.133827209472656,527.1513061523438,12.500125885009766,25.788503646850586,1.1468223333358765,6.603352248844052,22.86,99.99
23_tcn_baseline_pytorch,9999,CNN / 2D Temporal,161392.0,5.03206205368042,7.327940460679499,0.7197580933570862,59.09576416015625,523.7893676757812,12.707832336425781,26.217016220092773,1.1108734607696533,4.008052227826818,19.24,99.99
24_nhits_baseline_pytorch,42,Basis Expansion,2308530.0,5.200089931488037,7.697799358239782,0.6907552480697632,61.069053649902344,497.577392578125,13.164999961853027,27.160179138183594,-0.04005807265639305,17.699138293400587,30.16,111.53
24_nhits_baseline_pytorch,123,Basis Expansion,2308530.0,5.233970642089844,7.7199711007481575,0.688971221446991,61.46694564819336,525.9951782226562,12.643499374389648,26.084291458129883,0.4496906101703644,16.2942675493905,27.42,111.53
24_nhits_baseline_pytorch,456,Basis Expansion,2308530.0,5.339145183563232,7.785143755085934,0.6836975812911987,62.70210266113281,587.14501953125,12.76536750793457,26.335712432861328,0.7973290681838989,14.095667822614544,27.55,111.53
24_nhits_baseline_pytorch,789,Basis Expansion,2308530.0,5.398787021636963,7.9059865553317215,0.6738019585609436,63.40252685546875,556.5106201171875,12.980562210083008,26.779672622680664,0.7181546092033386,14.892680748213536,26.32,111.53
24_nhits_baseline_pytorch,1024,Basis Expansion,2308530.0,5.218344211578369,7.680947837752792,0.6921076774597168,61.28343200683594,554.222412109375,12.806410789489746,26.420387268066406,0.5478188991546631,14.39417822614544,28.73,111.53
24_nhits_baseline_pytorch,2024,Basis Expansion,2308530.0,5.37279748916626,7.887619080528768,0.6753158569335938,63.09730529785156,539.2882690429688,13.015310287475586,26.851362228393555,0.630247950553894,14.910085645229088,24.96,111.53
24_nhits_baseline_pytorch,2025,Basis Expansion,2308530.0,5.1763176918029785,7.6097592485921135,0.6977884769439697,60.789878845214844,499.5490417480469,12.865360260009766,26.54200553894043,0.26162946224212646,16.578328604455653,31.93,111.53
24_nhits_baseline_pytorch,2026,Basis Expansion,2308530.0,5.392396450042725,7.928963223157833,0.6719031929969788,63.32748031616211,551.162841796875,13.935532569885254,28.749835968017578,0.138222798705101,16.82298234552333,23.91,111.53
24_nhits_baseline_pytorch,3407,Basis Expansion,2308530.0,5.353614330291748,7.842808397167911,0.6789945363998413,62.87202072143555,570.9329223632812,12.967316627502441,26.75234603881836,0.5951806902885437,14.097309794031105,24.84,111.53
24_nhits_baseline_pytorch,9999,Basis Expansion,2308530.0,5.2302422523498535,7.688214276633277,0.691524863243103,61.42315673828125,511.99822998046875,12.622964859008789,26.041927337646484,0.28363439440727234,17.65381988230349,29.62,111.53
25_tide_baseline_pytorch,42,Linear / Dense MLP,1833396.0,6.895380020141602,10.39397524407826,0.43619030714035034,80.97828674316406,762.9151611328125,19.51932716369629,40.269535064697266,1.9525116682052612,0.75005254308533,20.06,101.9
25_tide_baseline_pytorch,123,Linear / Dense MLP,1833396.0,7.0195393562316895,10.454411312041804,0.4296146631240845,82.43638610839844,811.2349243164062,19.45414924621582,40.13507080078125,2.1736576557159424,0.6104849726775956,14.18,101.9
25_tide_baseline_pytorch,456,Linear / Dense MLP,1833396.0,6.993683338165283,10.486957987986644,0.4260576367378235,82.13273620605469,790.7535400390625,19.65993881225586,40.559627532958984,2.0508828163146973,0.9280422446406053,10.68,101.9
25_tide_baseline_pytorch,789,Linear / Dense MLP,1833396.0,6.892749786376953,10.403698674315642,0.4351348876953125,80.94739532470703,768.7576904296875,19.53070068359375,40.29300308227539,1.9113233089447021,1.2501970365699875,19.14,101.9
25_tide_baseline_pytorch,1024,Linear / Dense MLP,1833396.0,7.044741153717041,10.468061282149428,0.42812418937683105,82.73235321044922,822.8074951171875,19.328083038330078,39.87498474121094,2.242520332336426,0.5336407103825136,17.27,101.9
25_tide_baseline_pytorch,2024,Linear / Dense MLP,1833396.0,7.003007888793945,10.440342681639267,0.4311487674713135,82.24224853515625,807.5148315429688,19.35381507873535,39.92807388305664,2.1923093795776367,0.4065521227406473,21.05,101.9
25_tide_baseline_pytorch,2025,Linear / Dense MLP,1833396.0,7.091818332672119,10.493932151463136,0.42529404163360596,83.28522491455078,832.562744140625,19.21760368347168,39.64706039428711,2.3566176891326904,0.41673234552332916,18.97,101.9
25_tide_baseline_pytorch,2026,Linear / Dense MLP,1833396.0,7.071378231048584,10.48830343631266,0.42591041326522827,83.04518127441406,827.7083129882812,19.32310676574707,39.864723205566406,2.3019444942474365,0.39801387137452715,15.18,101.9
25_tide_baseline_pytorch,3407,Linear / Dense MLP,1833396.0,6.9872355461120605,10.450244911645798,0.4300692081451416,82.05701446533203,795.948486328125,19.582427978515625,40.399715423583984,2.0475664138793945,0.9119509247583018,12.92,101.9
25_tide_baseline_pytorch,9999,Linear / Dense MLP,1833396.0,6.962053298950195,10.470108354038773,0.427900493144989,81.76128387451172,787.947998046875,19.38442039489746,39.991214752197266,2.072294235229492,1.0341135981504834,13.99,101.9
26_nbeats_baseline_pytorch,42,Basis Expansion,1036864.0,6.025361061096191,9.367815443662597,0.5420206785202026,70.76091003417969,603.3775024414062,17.562671661376953,36.23283767700195,1.207177758216858,3.5404187683900803,28.62,84.1
26_nbeats_baseline_pytorch,123,Basis Expansion,1036864.0,6.028128623962402,9.305103206236401,0.5481320023536682,70.79341125488281,594.0365600585938,18.08744239807129,37.31547164916992,0.8535207509994507,5.371545292139555,23.97,84.1
26_nbeats_baseline_pytorch,456,Basis Expansion,1036864.0,6.10562801361084,9.315455844473314,0.5471259355545044,71.70355224609375,661.3803100585938,16.435558319091797,33.907535552978516,1.6963099241256714,1.6245665195460275,28.61,84.1
26_nbeats_baseline_pytorch,789,Basis Expansion,1036864.0,6.003226280212402,9.303586239668299,0.5482792854309082,70.50096893310547,610.3683471679688,17.488542556762695,36.07990264892578,1.2656062841415405,2.6760850147120636,28.46,84.1
26_nbeats_baseline_pytorch,1024,Basis Expansion,1036864.0,6.136819362640381,9.336156917531406,0.5451109409332275,72.06986236572266,650.1263427734375,17.790529251098633,36.70292282104492,1.3384265899658203,1.2528241908364859,26.64,84.1
26_nbeats_baseline_pytorch,2024,Basis Expansion,1036864.0,6.031285762786865,9.307483525247514,0.5479007959365845,70.83049774169922,618.7442016601562,18.33500862121582,37.82621765136719,0.8751986622810364,3.2783601303068517,24.56,84.1
26_nbeats_baseline_pytorch,2025,Basis Expansion,1036864.0,6.000054359436035,9.33080688977944,0.5456321239471436,70.46371459960938,609.8535766601562,17.81850242614746,36.7606315612793,1.0644586086273193,2.5864333753678017,27.49,84.1
26_nbeats_baseline_pytorch,2026,Basis Expansion,1036864.0,5.987224578857422,9.253179055429325,0.5531609058380127,70.31304168701172,611.382080078125,18.275821685791016,37.7041130065918,0.9601603150367737,1.7053515132408577,27.1,84.1
26_nbeats_baseline_pytorch,3407,Basis Expansion,1036864.0,6.13416051864624,9.279350111994727,0.550629734992981,72.03863525390625,631.7734985351562,17.16995620727539,35.422645568847656,1.466442584991455,2.824847625052543,24.74,84.1
26_nbeats_baseline_pytorch,9999,Basis Expansion,1036864.0,6.135453701019287,9.286342264256998,0.5499522686004639,72.05382537841797,664.1553955078125,16.826515197753906,34.71410369873047,1.6697139739990234,1.9388398486759142,25.96,84.1
27_moderntcn_baseline_pytorch,42,CNN (ModernTCN),767112.0,5.118908882141113,7.98495618642158,0.6672528982162476,60.115684509277344,505.232666015625,15.790242195129395,32.57621383666992,-0.3435462415218353,14.689733081126525,41.11,2526.7
27_moderntcn_baseline_pytorch,123,CNN (ModernTCN),767112.0,5.159083843231201,8.06970838887288,0.6601518392562866,60.58749008178711,562.2669067382812,16.13123893737793,33.27970886230469,-0.41847318410873413,14.69498738965952,42.85,1087.26
27_moderntcn_baseline_pytorch,456,CNN (ModernTCN),767112.0,5.141811370849609,7.880407989319145,0.6759092807769775,60.3846435546875,545.3475952148438,15.299175262451172,31.563112258911133,-0.20344913005828857,15.661780159730979,30.09,1087.26
27_moderntcn_baseline_pytorch,789,CNN (ModernTCN),767112.0,5.2063422203063965,8.032784519469601,0.6632547378540039,61.142486572265625,583.8582763671875,15.43255615234375,31.83828353881836,-0.2483181655406952,15.154410992013451,40.23,1087.26
27_moderntcn_baseline_pytorch,1024,CNN (ModernTCN),767112.0,5.12173318862915,7.9395167874907635,0.6710292100906372,60.14884567260742,531.7208251953125,15.579219818115234,32.14086151123047,-0.44214925169944763,16.007250945775535,31.08,1087.26
27_moderntcn_baseline_pytorch,2024,CNN (ModernTCN),767112.0,5.083966255187988,7.964429693979462,0.6689614057540894,59.705318450927734,529.732421875,15.882996559143066,32.76757049560547,-0.5594133734703064,18.19172971836906,35.37,1087.26
27_moderntcn_baseline_pytorch,2025,CNN (ModernTCN),767112.0,5.151182651519775,7.953095981267664,0.6699029207229614,60.49469757080078,555.141357421875,15.484472274780273,31.945388793945312,-0.3048606216907501,16.8354613282892,33.61,1087.26
27_moderntcn_baseline_pytorch,2026,CNN (ModernTCN),767112.0,5.165285587310791,8.025854294603356,0.6638355851173401,60.66032028198242,573.7210693359375,15.55196762084961,32.08463668823242,-0.33363616466522217,15.288067465321564,52.43,1087.26
27_moderntcn_baseline_pytorch,3407,CNN (ModernTCN),767112.0,5.1570634841918945,8.139834901977148,0.6542196273803711,60.56376266479492,504.6719055175781,16.38185691833496,33.796749114990234,-0.5497165322303772,15.971784363177804,33.73,1087.26
27_moderntcn_baseline_pytorch,9999,CNN (ModernTCN),767112.0,5.192348957061768,8.081872185330546,0.6591265201568604,60.978145599365234,538.5534057617188,15.651294708251953,32.289554595947266,-0.14864102005958557,15.615476565783942,31.69,1087.26
28_crossformer_baseline_pytorch,42,Transformer (Crossformer),1645360.0,4.937129974365234,7.377633610559038,0.7159444093704224,57.98089599609375,479.6095275878906,12.708547592163086,26.21849250793457,-0.25847893953323364,19.21106557377049,38.95,1578.16
28_crossformer_baseline_pytorch,123,Transformer (Crossformer),1645360.0,5.011674404144287,7.425090791808647,0.7122782468795776,58.85633087158203,566.367431640625,12.351409912109375,25.4816951751709,0.5064975619316101,12.267825241698192,37.94,1578.16
28_crossformer_baseline_pytorch,456,Transformer (Crossformer),1645360.0,4.959733963012695,7.402882514611892,0.7139967679977417,58.2463493347168,490.630615234375,12.959428787231445,26.736074447631836,-0.3165126144886017,17.644953236654057,35.93,1578.16
28_crossformer_baseline_pytorch,789,Transformer (Crossformer),1645360.0,5.1417717933654785,7.565430632926397,0.7012990713119507,60.384178161621094,554.3203125,13.804405212402344,28.479310989379883,-0.12108451128005981,15.780330496006725,30.98,1578.16
28_crossformer_baseline_pytorch,1024,Transformer (Crossformer),1645360.0,5.00022554397583,7.470200657122004,0.7087715864181519,58.72188186645508,529.7175903320312,12.132407188415527,25.02988052368164,0.31261712312698364,15.936317780580076,32.06,1578.16
28_crossformer_baseline_pytorch,2024,Transformer (Crossformer),1645360.0,4.813292503356934,7.291034460362758,0.7225737571716309,56.52656555175781,499.78729248046875,12.744897842407227,26.29348373413086,-0.022935301065444946,14.124566519546027,46.27,1578.16
28_crossformer_baseline_pytorch,2025,Transformer (Crossformer),1645360.0,5.227066516876221,7.6644012034134,0.6934328079223633,61.3858642578125,500.0086669921875,13.82481575012207,28.521421432495117,-0.9286118149757385,23.84733606557377,32.29,1578.16
28_crossformer_baseline_pytorch,2026,Transformer (Crossformer),1645360.0,4.910293102264404,7.420521052488813,0.7126322984695435,57.66572189331055,474.5160217285156,12.992899894714355,26.805130004882812,-0.506308376789093,20.40379361076082,38.67,1578.16
28_crossformer_baseline_pytorch,3407,Transformer (Crossformer),1645360.0,5.096399307250977,7.569816895945024,0.7009526491165161,59.8513298034668,445.8924255371094,12.894530296325684,26.602184295654297,-1.0348118543624878,26.89286464901219,35.4,1578.16
28_crossformer_baseline_pytorch,9999,Transformer (Crossformer),1645360.0,4.90649938583374,7.423150846342059,0.7124285697937012,57.62117385864258,457.33209228515625,12.754152297973633,26.31257438659668,-0.31879234313964844,18.27941099201345,36.54,1578.16
29_segrnn_baseline_pytorch,42,Recurrent (SegRNN),800012.0,6.153476715087891,9.578633977861141,0.5211755037307739,72.2654800415039,538.5370483398438,16.49260711669922,34.025230407714844,1.252969741821289,8.195079340058848,42.88,584.83
29_segrnn_baseline_pytorch,123,Recurrent (SegRNN),800012.0,5.866162300109863,9.298528854339297,0.5487703084945679,68.89130401611328,495.47918701171875,17.529727935791016,36.16487503051758,0.02898329682648182,15.387242538881882,37.97,584.83
29_segrnn_baseline_pytorch,456,Recurrent (SegRNN),800012.0,6.035269737243652,9.575540265411227,0.5214847326278687,70.87728118896484,524.6026611328125,16.8588809967041,34.78087615966797,0.7840055823326111,10.712878310214375,45.74,584.83
29_segrnn_baseline_pytorch,789,Recurrent (SegRNN),800012.0,5.929193496704102,9.407037138083657,0.5381776690483093,69.63153839111328,449.58807373046875,18.6286678314209,38.43205261230469,-0.39722105860710144,17.136927280369903,37.29,584.83
29_segrnn_baseline_pytorch,1024,Recurrent (SegRNN),800012.0,6.304717540740967,9.423053522245613,0.5366036891937256,74.04163360595703,618.03515625,16.507217407226562,34.05537414550781,1.659425139427185,3.332545187053384,35.8,584.83
29_segrnn_baseline_pytorch,2024,Recurrent (SegRNN),800012.0,6.119101047515869,9.527410615668392,0.5262830257415771,71.86178588867188,592.063720703125,15.90270709991455,32.808231353759766,1.451854944229126,6.779371584699454,36.24,584.83
29_segrnn_baseline_pytorch,2025,Recurrent (SegRNN),800012.0,5.976413726806641,9.572839271030533,0.5217546224594116,70.18608093261719,535.841064453125,16.561403274536133,34.16716003417969,0.7990459203720093,10.964756725514922,41.3,584.83
29_segrnn_baseline_pytorch,2026,Recurrent (SegRNN),800012.0,6.170333385467529,9.489902149013528,0.5300055742263794,72.46344757080078,533.9869995117188,17.072980880737305,35.22257995605469,1.0387866497039795,7.850593736864228,40.41,584.83
29_segrnn_baseline_pytorch,3407,Recurrent (SegRNN),800012.0,6.043717861175537,9.341938774599166,0.5445473194122314,70.97649383544922,485.2701721191406,17.953203201293945,37.03852462768555,-0.018607821315526962,15.551768074821354,34.01,584.83
29_segrnn_baseline_pytorch,9999,Recurrent (SegRNN),800012.0,6.062408924102783,9.481039299632286,0.5308830738067627,71.19599914550781,510.389892578125,15.604869842529297,32.19377517700195,0.9588673710823059,13.627705968894494,36.14,584.83
30_nstransformer_baseline_pytorch,42,Transformer (NS-Tfm),113873.0,5.685826778411865,8.600568140469976,0.6139678359031677,66.77347564697266,614.1312255859375,15.432619094848633,31.83841323852539,-0.20829182863235474,20.731531105506516,40.99,437.02
30_nstransformer_baseline_pytorch,123,Transformer (NS-Tfm),113873.0,6.107818603515625,8.976403137864132,0.5794923305511475,71.72927856445312,677.1375122070312,15.876254081726074,32.753662109375,-0.21102677285671234,23.28315468684321,23.79,437.02
30_nstransformer_baseline_pytorch,456,Transformer (NS-Tfm),113873.0,5.863746166229248,8.526080343305933,0.6206255555152893,68.86293029785156,683.6098022460938,15.21745491027832,31.39451789855957,-0.4159899055957794,21.214927490542244,21.46,437.02
30_nstransformer_baseline_pytorch,789,Transformer (NS-Tfm),113873.0,5.903097629547119,8.585046640401616,0.615359902381897,69.32506561279297,651.4953002929688,15.302005767822266,31.568950653076172,0.0799771174788475,19.72960014712064,21.42,437.02
30_nstransformer_baseline_pytorch,1024,Transformer (NS-Tfm),113873.0,5.849167346954346,8.45893679816625,0.6265772581100464,68.69171905517578,603.2042846679688,14.351455688476562,29.60791015625,0.1486196368932724,23.831244745691468,23.93,437.02
30_nstransformer_baseline_pytorch,2024,Transformer (NS-Tfm),113873.0,6.088886737823486,8.781799950806016,0.5975274443626404,71.50695037841797,591.195556640625,14.911749839782715,30.76382827758789,-0.2679719626903534,22.807311370323667,22.07,437.02
30_nstransformer_baseline_pytorch,2025,Transformer (NS-Tfm),113873.0,5.671927452087402,8.306396078944978,0.6399237513542175,66.61024475097656,707.0858764648438,15.579368591308594,32.14116668701172,0.0598541796207428,16.57734342160572,22.55,437.02
30_nstransformer_baseline_pytorch,2026,Transformer (NS-Tfm),113873.0,6.045912742614746,8.685082407962833,0.6063438057899475,71.00226593017578,774.2352294921875,15.839529991149902,32.677894592285156,-0.41444242000579834,21.795200189155107,21.18,437.02
30_nstransformer_baseline_pytorch,3407,Transformer (NS-Tfm),113873.0,5.832547187805176,8.551984804230939,0.6183167695999146,68.49653625488281,753.9729614257812,14.844711303710938,30.625524520874023,0.5176306366920471,19.285282681799075,22.01,437.02
30_nstransformer_baseline_pytorch,9999,Transformer (NS-Tfm),113873.0,5.907041549682617,8.679640034186146,0.6068370342254639,69.37138366699219,553.736083984375,14.851795196533203,30.640140533447266,0.7759174704551697,18.084344787725932,22.87,437.02
31_scinet_baseline_pytorch,42,Convolutional (SCINet),18376753.0,5.54750919342041,8.026427487245357,0.6637876033782959,65.14909362792969,562.937744140625,14.125134468078613,29.140993118286133,0.7799649238586426,11.097099621689786,48.83,3395.91
31_scinet_baseline_pytorch,123,Convolutional (SCINet),18376753.0,6.196818828582764,8.975834510705633,0.5795456171035767,72.77448272705078,579.357666015625,14.861775398254395,30.660730361938477,1.1553674936294556,10.945709857082807,45.17,674.65
31_scinet_baseline_pytorch,456,Convolutional (SCINet),18376753.0,6.211087226867676,8.526512087966008,0.6205871105194092,72.94205474853516,704.5028076171875,11.893198013305664,24.536375045776367,2.3247601985931396,9.991396069777217,46.5,674.65
31_scinet_baseline_pytorch,789,Convolutional (SCINet),18376753.0,6.245607376098633,8.994505582647083,0.5777945518493652,73.34745025634766,715.0203247070312,15.642498970031738,32.27140808105469,1.6499875783920288,8.618707965531735,47.24,674.65
31_scinet_baseline_pytorch,1024,Convolutional (SCINet),18376753.0,6.019826889038086,8.314043174281007,0.639260470867157,70.69591522216797,669.677001953125,13.434138298034668,27.715429306030273,2.332268476486206,7.194133564522909,46.11,674.65
31_scinet_baseline_pytorch,2024,Convolutional (SCINet),18376753.0,6.253110885620117,8.881283966579355,0.5883569717407227,73.4355697631836,665.3038330078125,14.651412010192871,30.22673797607422,1.4533493518829346,14.700241698192517,40.64,674.65
31_scinet_baseline_pytorch,2025,Convolutional (SCINet),18376753.0,5.919937610626221,8.251903892234791,0.6446326375007629,69.52283477783203,628.162353515625,12.747836112976074,26.299545288085938,1.8268771171569824,7.759300126103405,43.72,674.65
31_scinet_baseline_pytorch,2026,Convolutional (SCINet),18376753.0,5.537457466125488,8.063185551795009,0.6607010364532471,65.03104400634766,550.3624267578125,15.417651176452637,31.807533264160156,0.24911071360111237,13.4572693358554,42.89,674.65
31_scinet_baseline_pytorch,3407,Convolutional (SCINet),18376753.0,6.846505641937256,9.546705178905926,0.524362325668335,80.40431213378906,742.9970703125,17.790132522583008,36.70210266113281,1.0062034130096436,18.282038146279948,38.04,674.65
31_scinet_baseline_pytorch,9999,Convolutional (SCINet),18376753.0,5.701447486877441,8.155764510515036,0.6528648734092712,66.95691680908203,608.2280883789062,14.558015823364258,30.034053802490234,1.0393853187561035,9.319172971836906,42.13,674.65
