model_name,family,total_parameters,num_seeds,filepath,mae_mean,mae_std,rmse_mean,rmse_std,r2_mean,r2_std,wape_mean,wape_std,mape_mean,mape_std,mae_peak_mean,mae_peak_std,wape_peak_mean,wape_peak_std,bias_mean,bias_std,negative_pct_mean,negative_pct_std,training_time_seconds_mean,training_time_seconds_std,peak_gpu_memory_mb_mean,peak_gpu_memory_mb_std
07_tfm_itfm_pytorch,Transformer,,10,.\outputs\07_tfm_itfm_pytorch\07_tfm_itfm_pytorch_results.json,5.093666505813599,0.14771587809017092,7.510930846922468,0.1544876083929048,0.7054626166820526,0.012096921115260851,59.81923294067383,1.734752893447876,541.341064453125,28.618694305419922,11.120162868499756,0.22804581339472246,22.94155921936035,0.4704722000043435,1.6452985405921936,0.24538308324571928,4.070151586801177,1.193050849100121,60.705999999999996,14.206376174098727,97.58000000000001,1.4210854715202004e-14
18_lightgbm_baseline,Tree-based GBDT,48000.0,10,.\outputs\18_lightgbm_baseline\18_lightgbm_baseline_results.json,5.386505830307956,0.0059270936761835315,8.11503930119473,0.0069657912574505884,0.6563227513282386,0.0005898703930102622,63.2582957515654,0.06960687624351994,556.8868554391056,3.516909400078681,14.725853196877418,0.039652248550590456,30.38031328513249,0.08180495332401538,0.959492602642514,0.02719751804879311,2.8161123371164356,0.1831671449965728,196.402,9.270207980406905,,
04_tfm_ifm_pytorch,Transformer,120592.0,10,.\outputs\04_tfm_ifm_pytorch\04_tfm_ifm_pytorch_results.json,5.397200679779052,0.12405309028700898,8.026156695604275,0.13223413858185,0.663718980550766,0.011025562830697807,63.38389205932617,1.4568605422973633,531.9285278320312,42.97913360595703,13.209037971496581,0.47126563825796175,27.251032829284668,0.9722496539394279,0.8904369547963142,0.4318156885832823,11.405593211433375,2.3003814642083973,208.31199999999998,43.90829871447993,161.04899999999998,147.567
17_xgboost_baseline,Tree-based GBDT,48000.0,10,.\outputs\17_xgboost_baseline\17_xgboost_baseline_results.json,5.462258939611191,0.00993838469640042,8.135181514787881,0.008657888599111072,0.6546144253400433,0.0007348577375854396,64.1479286125273,0.11671486084361557,569.2283073503736,4.478425751144896,14.754913316115573,0.04395326291258681,30.440266044049416,0.09067820243321018,1.1846414213206191,0.025166477884708514,1.94005490752417,0.12100899790930299,49.535,0.7667235486144927,,
01_tfm_enc_pytorch,Transformer,180336.0,10,.\outputs\01_tfm_enc_pytorch\01_tfm_enc_pytorch_results.json,5.541483163833618,0.08662239275188746,7.91352677657464,0.11057472105400418,0.6731156349182129,0.009154258991974674,65.07832336425781,1.0172792673110962,647.8923950195312,21.148515701293945,12.881269168853759,0.609629301391956,26.574825859069826,1.257700974984357,2.283482551574707,0.24541156636479441,1.5137991277847835,0.5781756802502663,19.978,3.720413417887856,183.308,0.4259999999999962
00_tfm_custom_pytorch,Custom Proposed,180336.0,10,.\outputs\00_tfm_custom_pytorch\00_tfm_custom_pytorch_results.json,5.581103658676147,0.13239972295924307,7.8831954741960075,0.12153211487767354,0.6756028652191162,0.009965773238212447,65.54361724853516,1.5548795461654663,652.74072265625,28.14786148071289,12.578485584259033,0.6183231663419496,25.950166130065917,1.2756377579566234,2.436644184589386,0.3508074935255137,1.1766695565363599,0.49092435545965696,38.176,6.7153230748788255,182.28,0.0
10_gru_baseline_pytorch,Recurrent (RNN),33264.0,10,.\outputs\10_gru_baseline_pytorch\10_gru_baseline_pytorch_results.json,5.589477682113648,0.10135063844420651,7.991794055388125,0.10394725350886132,0.6666263699531555,0.008690754960820479,65.6419677734375,1.1902457475662231,631.2999267578125,20.63852310180664,13.25549602508545,0.615233068986341,27.34687900543213,1.2692628838139521,2.1225058674812316,0.14455060962595404,1.6091648276586803,0.9378405402394577,22.490999999999996,1.7307596598025967,117.81999999999998,1.4210854715202004e-14
09_lstm_baseline_pytorch,Recurrent (RNN),37488.0,10,.\outputs\09_lstm_baseline_pytorch\09_lstm_baseline_pytorch_results.json,5.633825159072876,0.08149236628865493,8.090723511778943,0.14875413979656318,0.658264034986496,0.012648697983971734,66.16276550292969,0.9570331573486328,628.007080078125,24.621929168701172,13.116566944122315,0.9175526718918483,27.06025981903076,1.8929656325444508,2.0631545543670655,0.3402145284142509,2.943200924758302,1.6456188025625205,19.356,2.4908199453192115,118.681,0.08699999999999761
15_timemachine_baseline_pytorch,State Space Model,38448.0,10,.\outputs\15_timemachine_baseline_pytorch\15_timemachine_baseline_pytorch_results.json,5.665214920043946,0.09104960688210376,8.143640679544472,0.07899416851803795,0.6538635790348053,0.0067175402989327025,66.53141021728516,1.0692729949951172,667.7105712890625,43.692481994628906,14.693134212493897,1.0634363526107937,30.31281223297119,2.1939323416254535,1.7908227920532227,0.4277488436355602,3.1754413619167714,0.8477731464047795,427.992,107.48298886800647,131.28,0.0
02_tfm_dec_pytorch,Transformer,192624.0,10,.\outputs\02_tfm_dec_pytorch\02_tfm_dec_pytorch_results.json,5.719081735610962,0.09140547306542925,8.058662927053183,0.08496259956097814,0.6610438883304596,0.0071359262645406,67.16401672363281,1.0734515190124512,681.9444580078125,24.126659393310547,12.909173583984375,0.7800702538097838,26.632394981384277,1.6093312698242728,2.5617632627487184,0.27128590126855084,1.7998633879781423,0.21519273215645848,43.242,12.460191651816595,136.16299999999998,0.4409999999999996
16_s4d_baseline_pytorch,State Space Model,27984.0,10,.\outputs\16_s4d_baseline_pytorch\16_s4d_baseline_pytorch_results.json,5.769025754928589,0.14086857048179693,8.319103951319217,0.16396244754676662,0.6386808574199676,0.014187722826898674,67.75054931640625,1.6543397903442383,676.268310546875,28.768705368041992,13.405156803131103,1.2723791124063297,27.655637741088867,2.624994124461685,2.223977601528168,0.4536695123493447,3.079911464901219,0.7100538740921348,19.392,1.823906795864306,77.31999999999998,1.4210854715202004e-14
14_powermamba_baseline_pytorch,State Space Model,45360.0,10,.\outputs\14_powermamba_baseline_pytorch\14_powermamba_baseline_pytorch_results.json,5.7844890594482425,0.11995852947741861,8.207147088718902,0.16315153623678855,0.6483381748199463,0.014077886177798083,67.9321517944336,1.4087741374969482,696.581787109375,20.81678009033203,14.256450271606445,0.7931061162807228,29.411907196044922,1.6362259062057407,2.1314423441886903,0.2891752802785743,2.844616960907944,1.0666832198502147,107.44299999999998,29.43488204494797,385.37,0.0
13_smamba_baseline_pytorch,State Space Model,362480.0,10,.\outputs\13_smamba_baseline_pytorch\13_smamba_baseline_pytorch_results.json,5.818733263015747,0.102343244020581,8.214772517602396,0.08495515913648838,0.6477859020233154,0.007311351118385014,68.33431243896484,1.2019047737121582,727.7203369140625,44.23259735107422,15.079487800598145,0.8118525412664805,31.109882736206053,1.6748991208650499,2.079205667972565,0.33094569338371194,1.5341267339218159,0.6331820957294183,1625.256,466.61273613565237,3236.7399999999993,4.547473508864641e-13
05_tfm_afm_pytorch,Transformer,926978.0,10,.\outputs\05_tfm_afm_pytorch\05_tfm_afm_pytorch_results.json,5.928914785385132,0.13299069723200502,8.617186168942586,0.18596800038550654,0.6122941195964813,0.016607368917798647,69.62825775146484,1.5618218183517456,598.2677001953125,68.4670181274414,14.27341012954712,0.9839319784825231,29.44689598083496,2.0299107732860984,0.1064530462026596,0.6269485971113465,22.869377889869696,4.142155985304409,48.099000000000004,3.022401197723426,1091.45,1204.47
03_tfm_encdec_pytorch,Transformer,1282800.0,10,.\outputs\03_tfm_encdec_pytorch\03_tfm_encdec_pytorch_results.json,5.932846784591675,0.11115752875702663,8.220981773351692,0.10646234797189527,0.6472318232059479,0.009159884200736943,69.67444610595703,1.3054159879684448,700.475341796875,31.59356689453125,13.136900329589844,0.8979485206769384,27.10220832824707,1.8525213567922671,2.7876292943954466,0.25773245475601914,1.9383144178226144,0.9873780538112942,75.758,9.289815713995623,221.36099999999996,2.9369999999999976
08_tfm_timesnet_pytorch,CNN / 2D Temporal,,10,.\outputs\08_tfm_timesnet_pytorch\08_tfm_timesnet_pytorch_results.json,6.099490165710449,0.18244763741073808,8.867420459849647,0.26814467814157583,0.5892659068107605,0.024789523759048714,71.6314697265625,2.1426379680633545,640.2448120117188,102.67483520507812,16.150260353088377,2.3673251897616816,33.31895027160645,4.88393259075099,1.8631992161273956,0.8142347482463518,4.639652952921396,2.578848236878381,127.88899999999998,25.670518284600334,800.9309999999999,705.472187324915
12_nlinear_baseline_pytorch,Linear & Decomp,4656.0,10,.\outputs\12_nlinear_baseline_pytorch\12_nlinear_baseline_pytorch_results.json,6.2466123580932615,0.0036187033653623394,10.438700406266674,0.0010551607556204003,0.43132769465446474,0.00011495950310153471,73.3592529296875,0.04249655082821846,657.2364501953125,2.0807669162750244,21.39760513305664,0.03239993088093765,44.144535827636716,0.06684250506991271,0.001328297465806827,0.011524842434123276,4.005622110130307,0.18083896456496887,21.771,4.5706617682782,64.27,0.0
11_dlinear_baseline_pytorch,Linear & Decomp,9312.0,10,.\outputs\11_dlinear_baseline_pytorch\11_dlinear_baseline_pytorch_results.json,6.983173942565918,0.054019469279997935,10.437137962313006,0.02265360178913588,0.43149523735046386,0.0024671089144265045,82.00931549072266,0.6343954205513,788.3992919921875,19.359159469604492,19.674821662902833,0.2509644370125672,40.59033088684082,0.5177546002342511,2.03736469745636,0.14776737740544113,1.0125052543085329,0.3034926371492543,5.11,1.422525922435159,64.49300000000001,0.02099999999999795
06_tfm_ptst_pytorch,Transformer,542056.0,10,.\outputs\06_tfm_ptst_pytorch\06_tfm_ptst_pytorch_results.json,7.294925737380981,0.1759216139088251,10.791050019070775,0.21361520003513082,0.3920515239238739,0.02403867000797,85.67048645019531,2.0659961700439453,742.8701171875,59.598426818847656,14.388974285125732,0.6219415557967473,29.685311698913573,1.2831024937762885,2.7363516449928285,0.6415178669552135,13.617000315258514,3.15849284076518,75.948,13.219129169502805,1863.9950000000001,1.2450000000000272
19_sarima_baseline,Statistical Baseline,4.0,1,.\outputs\19_sarima_baseline\19_sarima_baseline_results.json,10.111922628122658,0.0,13.812902971780941,0.0,0.1407112433798523,0.0,108.27448486503816,0.0,216.30491440565612,0.0,20.374184112130322,0.0,43.114120798542835,0.0,0.10828307147584904,0.0,26.53125,0.0,11593.68,0.0,,
